{"/Nic5rsQe7pukgtUY2KhwQ==":"h1-464x561.jpg","bz96WwaE4bbUR2wc+cT3tQ==":"bundesliga_bvb-436x329.jpg","j32R7n6NAqn/3B4IP7btsA==":"frontansicht2-376x337.jpg","y+DIOhR0EnM6QkINKA4Szg==":"doppelbild-schaufenster2-566x767.jpg","ACdLPb+SoWWeg9Fw8ecSGg==":"frontansicht2-612x548.jpg","BWPP4ExVZNePm0+bgmywzw==":"h1-538x651.jpg","n8RiBjtohaQ0u9xKRYtu5A==":"laden1-479x717.jpg","gMMIRXjZd0LnKey4cVrX8g==":"laden2-471x704.jpg","lSaf8XI9CO1Z4ONfelSlhw==":"laden4-458x685.jpg","1XKjI0RZxNkN4wxZWdqYqA==":"laden5-513x767.jpg","Wny7kuXq1CwW+4SSrw2wbg==":"laden6-462x691.jpg","/5TxP6rB5Xsj6wML99MSww==":"logo2.png","ihlkf69UyfSmhSyJ1Jvc6w==":"jumbotron.jpg","bpT8AWbVHBfZnsC4QIStWw==":"bundesliga_bvb-1269x959.jpg","Nt+1v0VuK3aaOjc57uzjuA==":"bundesliga_fc-bayern-1278x942.jpg","bc4Q8atpMnCmYVtdXYG9AA==":"bundesliga_schalke-4-1278x933.jpg","k+XiSj1pIEKXo38f5FbFGg==":"puppe-1.fc-koeln-642x959.jpg","Vd96CN60kn7xy3244lRzCw==":"puppe-bmg-629x959.jpg","bOetaXg6NOht4ZG+agYSLA==":"puppe-hsv-637x959.jpg","76tcTkFLh2t0o2TnGnvLIA==":"hase-441x768.jpg","tbffq3gvmj9HSYqKyAuNWg==":"katze-1023x681.jpg","0NHzhpQHhtbUP/pBqmdriA==":"taeubchen-691x767.jpg","GbNMkTLfHgNUVczhjsUkpw==":"kranz-mit-tauben-720x677.jpg","V6/meXY656HGfcOQcfezGA==":"maeuschen-1001x747.jpg","FY6WFGSoM6UvZKA2R72d4Q==":"gold-und-silberhochzeit-1023x724.jpg","NctTGpYiEI/vJMPeLop1ZQ==":"hochzeitskorb-grosz-478x720.jpg","zhFKXehD+NP4LSrdX7vWbg==":"voegelchen-1023x615.jpg","5HWrmRreZa/EJpaSDLoJAQ==":"nest-819x506.jpg","9GViM7T6tNujizRldiwtOQ==":"handfigur-sleepy2-1023x594.jpg","jnEvvZ6P4DaWw/U+X41JMQ==":"laetzchen-zottelbaer1-796x600.jpg","ggRa1uRj28Fi/TFC1prXzg==":"leinentischdecke-720x482.jpg","8c4FOsGn1YJAXJu0raW/ug==":"lotusbluete-899x681.jpg","BrpUhmGXiPtCZTZBBoQocw==":"poncho-hippo_eule-neu-968x497.jpg","+jxJpJLK1JpgycZKuWuoFw==":"pueppchen-633x959.jpg","xoJ/H+tX8NLyGYdlS0B/KQ==":"schleife-971x767.jpg","RuuBbirtqrJYL9SxtHraxw==":"sleepy-neu-975x514.jpg","M3+9Tduqj8iQcJ11chFBKg==":"mbr-1620x1080.jpg","VQ/XD3Ui1QEM8nfr8pdrUg==":"h1-436x528.jpg"}